{"cameraMode":{"drawMode":0,"name":"Shaded","section":"Shading Mode"},"sceneLighting":true,"audioPlay":false,"sceneViewState":{"showFog":true,"showMaterialUpdate":true,"showSkybox":true,"showFlares":true,"showImageEffects":true,"showParticleSystems":true},"in2DMode":false,"pivot":{"x":-0.16000065207481385,"y":1.099951148033142,"z":8.380009651184082},"rotation":{"x":0.011396858841180802,"y":-0.010499238036572934,"z":0.00011935192014789209,"w":0.9998807907104492},"size":0.41942715644836428,"orthographic":true}