{"cameraMode":{"drawMode":0,"name":"Shaded","section":"Shading Mode"},"sceneLighting":true,"audioPlay":false,"sceneViewState":{"showFog":true,"showMaterialUpdate":true,"showSkybox":true,"showFlares":true,"showImageEffects":true,"showParticleSystems":true},"in2DMode":false,"pivot":{"x":-0.015000104904174805,"y":1.2899999618530274,"z":0.0},"rotation":{"x":0.02489791065454483,"y":-0.7471147775650024,"z":0.02803020551800728,"w":0.6636390089988709},"size":1.109231948852539,"orthographic":true}